[{"mechanic_name": "Spanner McGee",
"wages": {"hourly_rate": "40","weekly_hours":40},
"contact": {"phone": "555-876-8754", "email": "spanner@autosaurus.com"},
"hours": {"Monday": "8am-4pm","Tuesday": "11am-7pm","Wednesday":"10am-6pm","Thursday":"8am-4pm","Sunday":"8am-4pm"},
"car_specialties": ["Ford", "Volkswagen", "Chrysler", "Hyundai", "Shelby", "GMC", "Mercedes-Benz", "Saturn", "Chevrolet"]},
{"mechanic_name": "Ai Tanaka",
"wages": {"hourly_rate": "50","weekly_hours":40},
"contact": {"phone": "555-876-8755", "email": "tanakaa@autosaurus.com"},
"hours": {"Tuesday": "8am-4pm","Wednesday": "11am-7pm","Thursday":"10am-6pm","Friday":"8am-4pm","Saturday":"8am-4pm"},
"car_specialties": ["Ferrari", "Porsche", "Lexus", "Nissan", "Saab", "Jeep", "Isuzu", "Fillmore","Citroën"]},
{"mechanic_name": "Parvati Khatri",
"wages": {"hourly_rate": "43.50","weekly_hours":40},
"contact": {"phone": "555-876-8756", "email": "khatrip@autosaurus.com"},
"hours": {"Monday": "11am-7pm","Tuesday": "10am-6pm","Friday":"10am-6pm","Saturday":"8am-4pm","Sunday":"8am-4pm"},
"car_specialties": ["Cadillac", "BMW", "Mazda", "MINI", "Audi", "Eagle", "Dodge", "Toyota", "Pontiac"]},
{"mechanic_name": "Gwan Jun-ho",
"wages": {"hourly_rate": "40","weekly_hours":40},
"contact": {"phone": "555-876-8757", "email": "gwanj@autosaurus.com"},
"hours": {"Monday": "8am-4pm","Tuesday": "11am-7pm","Wednesday":"10am-6pm","Thursday":"8am-4pm","Friday":"8am-4pm"},
"car_specialties": ["Volvo", "Buick", "Honda", "Lotus", "Lincoln", "Plymouth", "Aston Martin", "Kia"]},
{"mechanic_name": "Dacey Cocom",
"wages": {"hourly_rate": "48.10","weekly_hours":40},
"contact": {"phone": "555-876-8758", "email": "cocomd@autosaurus.com"},
"hours": {"Wednesday": "8am-4pm","Thursday": "11am-7pm","Friday":"10am-6pm","Saturday":"11am-7pm","Sunday":"11am-7pm"},
"car_specialties": ["Jaguar", "Hummer", "Mitsubishi", "Geo", "Holden", "Rolls-Royce", "Mercury", "Subaru", "Maybach"]},
{"mechanic_name": "Quenti Yupanqui",
"wages": {"hourly_rate": "46.75","weekly_hours":40},
"contact": {"phone": "555-876-8759", "email": "yupanquiq@autosaurus.com"},
"hours": {"Monday": "8am-4pm","Tuesday": "11am-7pm","Wednesday":"10am-6pm","Thursday":"8am-4pm","Friday":"8am-4pm"},
"car_specialties": ["Ram", "Bentley", "Land Rover", "Lamborghini", "Acura", "Suzuki", "Alfa Romeo", "Scion"]},
{"mechanic_name": "Taiwo Sani",
"wages": {"hourly_rate": "42","weekly_hours":40},
"contact": {"phone": "555-876-8760", "email": "sanit@autosaurus.com"},
"hours": {"Tuesday": "9am-5pm","Wednesday": "9am-5pm","Thursday":"8am-4pm","Friday":"9am-5pm","Saturday":"11am-7pm"},
"car_specialties": ["Merkur", "Infiniti", "Rambler", "Aptera", "Maserati", "Oldsmobile", "Morgan", "Spyker", "Smart"]}]